DROP DATABASE IF EXISTS fyqkeiac;
CREATE DATABASE fyqkeiac;

\c fyqkeiac;

--
-- PostgreSQL database dump
--

-- Dumped from database version 13.9 (Ubuntu 13.9-1.pgdg20.04+1)
-- Dumped by pg_dump version 13.9 (Ubuntu 13.9-1.pgdg20.04+1)

SET statement_timeout = 0;
SET lock_timeout = 0;
SET idle_in_transaction_session_timeout = 0;
SET client_encoding = 'UTF8';
SET standard_conforming_strings = on;
SELECT pg_catalog.set_config('search_path', '', false);
SET check_function_bodies = false;
SET xmloption = content;
SET client_min_messages = warning;
SET row_security = off;

--
-- Name: btree_gin; Type: EXTENSION; Schema: -; Owner: -
--

CREATE EXTENSION IF NOT EXISTS btree_gin WITH SCHEMA public;


--
-- Name: EXTENSION btree_gin; Type: COMMENT; Schema: -; Owner: 
--

COMMENT ON EXTENSION btree_gin IS 'support for indexing common datatypes in GIN';


--
-- Name: btree_gist; Type: EXTENSION; Schema: -; Owner: -
--

CREATE EXTENSION IF NOT EXISTS btree_gist WITH SCHEMA public;


--
-- Name: EXTENSION btree_gist; Type: COMMENT; Schema: -; Owner: 
--

COMMENT ON EXTENSION btree_gist IS 'support for indexing common datatypes in GiST';


--
-- Name: citext; Type: EXTENSION; Schema: -; Owner: -
--

CREATE EXTENSION IF NOT EXISTS citext WITH SCHEMA public;


--
-- Name: EXTENSION citext; Type: COMMENT; Schema: -; Owner: 
--

COMMENT ON EXTENSION citext IS 'data type for case-insensitive character strings';


--
-- Name: cube; Type: EXTENSION; Schema: -; Owner: -
--

CREATE EXTENSION IF NOT EXISTS cube WITH SCHEMA public;


--
-- Name: EXTENSION cube; Type: COMMENT; Schema: -; Owner: 
--

COMMENT ON EXTENSION cube IS 'data type for multidimensional cubes';


--
-- Name: dblink; Type: EXTENSION; Schema: -; Owner: -
--

CREATE EXTENSION IF NOT EXISTS dblink WITH SCHEMA public;


--
-- Name: EXTENSION dblink; Type: COMMENT; Schema: -; Owner: 
--

COMMENT ON EXTENSION dblink IS 'connect to other PostgreSQL databases from within a database';


--
-- Name: dict_int; Type: EXTENSION; Schema: -; Owner: -
--

CREATE EXTENSION IF NOT EXISTS dict_int WITH SCHEMA public;


--
-- Name: EXTENSION dict_int; Type: COMMENT; Schema: -; Owner: 
--

COMMENT ON EXTENSION dict_int IS 'text search dictionary template for integers';


--
-- Name: dict_xsyn; Type: EXTENSION; Schema: -; Owner: -
--

CREATE EXTENSION IF NOT EXISTS dict_xsyn WITH SCHEMA public;


--
-- Name: EXTENSION dict_xsyn; Type: COMMENT; Schema: -; Owner: 
--

COMMENT ON EXTENSION dict_xsyn IS 'text search dictionary template for extended synonym processing';


--
-- Name: earthdistance; Type: EXTENSION; Schema: -; Owner: -
--

CREATE EXTENSION IF NOT EXISTS earthdistance WITH SCHEMA public;


--
-- Name: EXTENSION earthdistance; Type: COMMENT; Schema: -; Owner: 
--

COMMENT ON EXTENSION earthdistance IS 'calculate great-circle distances on the surface of the Earth';


--
-- Name: fuzzystrmatch; Type: EXTENSION; Schema: -; Owner: -
--

CREATE EXTENSION IF NOT EXISTS fuzzystrmatch WITH SCHEMA public;


--
-- Name: EXTENSION fuzzystrmatch; Type: COMMENT; Schema: -; Owner: 
--

COMMENT ON EXTENSION fuzzystrmatch IS 'determine similarities and distance between strings';


--
-- Name: hstore; Type: EXTENSION; Schema: -; Owner: -
--

CREATE EXTENSION IF NOT EXISTS hstore WITH SCHEMA public;


--
-- Name: EXTENSION hstore; Type: COMMENT; Schema: -; Owner: 
--

COMMENT ON EXTENSION hstore IS 'data type for storing sets of (key, value) pairs';


--
-- Name: intarray; Type: EXTENSION; Schema: -; Owner: -
--

CREATE EXTENSION IF NOT EXISTS intarray WITH SCHEMA public;


--
-- Name: EXTENSION intarray; Type: COMMENT; Schema: -; Owner: 
--

COMMENT ON EXTENSION intarray IS 'functions, operators, and index support for 1-D arrays of integers';


--
-- Name: ltree; Type: EXTENSION; Schema: -; Owner: -
--

CREATE EXTENSION IF NOT EXISTS ltree WITH SCHEMA public;


--
-- Name: EXTENSION ltree; Type: COMMENT; Schema: -; Owner: 
--

COMMENT ON EXTENSION ltree IS 'data type for hierarchical tree-like structures';


--
-- Name: pg_stat_statements; Type: EXTENSION; Schema: -; Owner: -
--

CREATE EXTENSION IF NOT EXISTS pg_stat_statements WITH SCHEMA public;


--
-- Name: EXTENSION pg_stat_statements; Type: COMMENT; Schema: -; Owner: 
--

COMMENT ON EXTENSION pg_stat_statements IS 'track planning and execution statistics of all SQL statements executed';


--
-- Name: pg_trgm; Type: EXTENSION; Schema: -; Owner: -
--

CREATE EXTENSION IF NOT EXISTS pg_trgm WITH SCHEMA public;


--
-- Name: EXTENSION pg_trgm; Type: COMMENT; Schema: -; Owner: 
--

COMMENT ON EXTENSION pg_trgm IS 'text similarity measurement and index searching based on trigrams';


--
-- Name: pgcrypto; Type: EXTENSION; Schema: -; Owner: -
--

CREATE EXTENSION IF NOT EXISTS pgcrypto WITH SCHEMA public;


--
-- Name: EXTENSION pgcrypto; Type: COMMENT; Schema: -; Owner: 
--

COMMENT ON EXTENSION pgcrypto IS 'cryptographic functions';


--
-- Name: pgrowlocks; Type: EXTENSION; Schema: -; Owner: -
--

CREATE EXTENSION IF NOT EXISTS pgrowlocks WITH SCHEMA public;


--
-- Name: EXTENSION pgrowlocks; Type: COMMENT; Schema: -; Owner: 
--

COMMENT ON EXTENSION pgrowlocks IS 'show row-level locking information';


--
-- Name: pgstattuple; Type: EXTENSION; Schema: -; Owner: -
--

CREATE EXTENSION IF NOT EXISTS pgstattuple WITH SCHEMA public;


--
-- Name: EXTENSION pgstattuple; Type: COMMENT; Schema: -; Owner: 
--

COMMENT ON EXTENSION pgstattuple IS 'show tuple-level statistics';


--
-- Name: tablefunc; Type: EXTENSION; Schema: -; Owner: -
--

CREATE EXTENSION IF NOT EXISTS tablefunc WITH SCHEMA public;


--
-- Name: EXTENSION tablefunc; Type: COMMENT; Schema: -; Owner: 
--

COMMENT ON EXTENSION tablefunc IS 'functions that manipulate whole tables, including crosstab';


--
-- Name: unaccent; Type: EXTENSION; Schema: -; Owner: -
--

CREATE EXTENSION IF NOT EXISTS unaccent WITH SCHEMA public;


--
-- Name: EXTENSION unaccent; Type: COMMENT; Schema: -; Owner: 
--

COMMENT ON EXTENSION unaccent IS 'text search dictionary that removes accents';


--
-- Name: uuid-ossp; Type: EXTENSION; Schema: -; Owner: -
--

CREATE EXTENSION IF NOT EXISTS "uuid-ossp" WITH SCHEMA public;


--
-- Name: EXTENSION "uuid-ossp"; Type: COMMENT; Schema: -; Owner: 
--

COMMENT ON EXTENSION "uuid-ossp" IS 'generate universally unique identifiers (UUIDs)';


--
-- Name: xml2; Type: EXTENSION; Schema: -; Owner: -
--

CREATE EXTENSION IF NOT EXISTS xml2 WITH SCHEMA public;


--
-- Name: EXTENSION xml2; Type: COMMENT; Schema: -; Owner: 
--

COMMENT ON EXTENSION xml2 IS 'XPath querying and XSLT';


SET default_tablespace = '';

SET default_table_access_method = heap;

--
-- Name: reservations; Type: TABLE; Schema: public; Owner: postgres
--

CREATE TABLE public.reservations (
    id integer NOT NULL,
    date date NOT NULL,
    slot character varying NOT NULL,
    user_id integer NOT NULL,
    venue_id integer NOT NULL
);


ALTER TABLE public.reservations OWNER TO postgres;

--
-- Name: reservations_id_seq; Type: SEQUENCE; Schema: public; Owner: postgres
--

CREATE SEQUENCE public.reservations_id_seq
    AS integer
    START WITH 1
    INCREMENT BY 1
    NO MINVALUE
    NO MAXVALUE
    CACHE 1;


ALTER TABLE public.reservations_id_seq OWNER TO postgres;

--
-- Name: reservations_id_seq; Type: SEQUENCE OWNED BY; Schema: public; Owner: postgres
--

ALTER SEQUENCE public.reservations_id_seq OWNED BY public.reservations.id;


--
-- Name: users; Type: TABLE; Schema: public; Owner: postgres
--

CREATE TABLE public.users (
    id integer NOT NULL,
    first_name character varying NOT NULL,
    last_name character varying NOT NULL,
    email character varying NOT NULL,
    password character varying NOT NULL
);


ALTER TABLE public.users OWNER TO postgres;

--
-- Name: users_id_seq; Type: SEQUENCE; Schema: public; Owner: postgres
--

CREATE SEQUENCE public.users_id_seq
    AS integer
    START WITH 1
    INCREMENT BY 1
    NO MINVALUE
    NO MAXVALUE
    CACHE 1;


ALTER TABLE public.users_id_seq OWNER TO postgres;

--
-- Name: users_id_seq; Type: SEQUENCE OWNED BY; Schema: public; Owner: postgres
--

ALTER SEQUENCE public.users_id_seq OWNED BY public.users.id;


--
-- Name: venues; Type: TABLE; Schema: public; Owner: postgres
--

CREATE TABLE public.venues (
    id integer NOT NULL,
    name character varying NOT NULL,
    description character varying NOT NULL,
    price integer NOT NULL
);


ALTER TABLE public.venues OWNER TO postgres;

--
-- Name: venues_id_seq; Type: SEQUENCE; Schema: public; Owner: postgres
--

CREATE SEQUENCE public.venues_id_seq
    AS integer
    START WITH 1
    INCREMENT BY 1
    NO MINVALUE
    NO MAXVALUE
    CACHE 1;


ALTER TABLE public.venues_id_seq OWNER TO postgres;

--
-- Name: venues_id_seq; Type: SEQUENCE OWNED BY; Schema: public; Owner: postgres
--

ALTER SEQUENCE public.venues_id_seq OWNED BY public.venues.id;


--
-- Name: reservations id; Type: DEFAULT; Schema: public; Owner: postgres
--

ALTER TABLE ONLY public.reservations ALTER COLUMN id SET DEFAULT nextval('public.reservations_id_seq'::regclass);


--
-- Name: users id; Type: DEFAULT; Schema: public; Owner: postgres
--

ALTER TABLE ONLY public.users ALTER COLUMN id SET DEFAULT nextval('public.users_id_seq'::regclass);


--
-- Name: venues id; Type: DEFAULT; Schema: public; Owner: postgres
--

ALTER TABLE ONLY public.venues ALTER COLUMN id SET DEFAULT nextval('public.venues_id_seq'::regclass);


--
-- Data for Name: reservations; Type: TABLE DATA; Schema: public; Owner: postgres
--

COPY public.reservations (id, date, slot, user_id, venue_id) FROM stdin;
1	2024-02-19	09:00	1	2
2	2024-02-14	09:00	1	1
5	2024-02-09	12:00	1	1
6	2024-03-02	21:00	1	2
8	2024-02-12	21:00	2	1
\.


--
-- Data for Name: users; Type: TABLE DATA; Schema: public; Owner: postgres
--

COPY public.users (id, first_name, last_name, email, password) FROM stdin;
1	Milica	Mitrović	milicamitrovic@gmail.com	password
2	Petar	Petrovic	petar@gmail.com	password
\.


--
-- Data for Name: venues; Type: TABLE DATA; Schema: public; Owner: postgres
--

COPY public.venues (id, name, description, price) FROM stdin;
1	Wedding Hall	Our dreamlike location, high-quality food and drinks and our devoted and pleasant employees allow Villa Jugovo S to enrich your celebration and provide you with a once in a lifetime experience.	1000
2	Banquet Hall	Our banquet hall is not like others because we can offer you a unique sense of comfort, hospitality and luxury. Our event hall can seat 350 people. Located at the Danube shore, it radiates style, class and domestic hospitality.	700
3	Birthday Party Venue	Sweet 16s, quinceañeras, bar and bat mitzvahs — at De Luxe Banquet Hall, we do it all! We specialize in celebrating milestone birthdays for both kids and adults, and no matter the age, we host birthdays in style.	850
\.


--
-- Name: reservations_id_seq; Type: SEQUENCE SET; Schema: public; Owner: postgres
--

SELECT pg_catalog.setval('public.reservations_id_seq', 8, true);


--
-- Name: users_id_seq; Type: SEQUENCE SET; Schema: public; Owner: postgres
--

SELECT pg_catalog.setval('public.users_id_seq', 2, true);


--
-- Name: venues_id_seq; Type: SEQUENCE SET; Schema: public; Owner: postgres
--

SELECT pg_catalog.setval('public.venues_id_seq', 3, true);


--
-- Name: reservations reservations_pkey; Type: CONSTRAINT; Schema: public; Owner: postgres
--

ALTER TABLE ONLY public.reservations
    ADD CONSTRAINT reservations_pkey PRIMARY KEY (id);


--
-- Name: users users_pkey; Type: CONSTRAINT; Schema: public; Owner: postgres
--

ALTER TABLE ONLY public.users
    ADD CONSTRAINT users_pkey PRIMARY KEY (id);


--
-- Name: venues venues_pkey; Type: CONSTRAINT; Schema: public; Owner: postgres
--

ALTER TABLE ONLY public.venues
    ADD CONSTRAINT venues_pkey PRIMARY KEY (id);


--
-- Name: reservations reservations_user_id_fkey; Type: FK CONSTRAINT; Schema: public; Owner: postgres
--

ALTER TABLE ONLY public.reservations
    ADD CONSTRAINT reservations_user_id_fkey FOREIGN KEY (user_id) REFERENCES public.users(id);


--
-- Name: reservations reservations_venue_id_fkey; Type: FK CONSTRAINT; Schema: public; Owner: postgres
--

ALTER TABLE ONLY public.reservations
    ADD CONSTRAINT reservations_venue_id_fkey FOREIGN KEY (venue_id) REFERENCES public.venues(id);


--
-- PostgreSQL database dump complete
--
